{
  "0.8": {
    "coverage": 1.0,
    "efficiency": 1.0,
    "miscalibration": 0.19999999999999996,
    "prediction_sets": [
      [
        1
      ],
      [
        0
      ],
      [
        1
      ],
      [
        1
      ],
      [
        1
      ],
      [
        1
      ],
      [
        0
      ],
      [
        1
      ],
      [
        0
      ],
      [
        1
      ],
      [
        1
      ],
      [
        1
      ],
      [
        0
      ],
      [
        1
      ],
      [
        0
      ],
      [
        0
      ],
      [
        1
      ],
      [
        0
      ],
      [
        0
      ],
      [
        1
      ],
      [
        1
      ],
      [
        1
      ],
      [
        1
      ],
      [
        0
      ],
      [
        1
      ],
      [
        0
      ],
      [
        0
      ],
      [
        0
      ],
      [
        0
      ],
      [
        0
      ],
      [
        0
      ],
      [
        0
      ],
      [
        0
      ],
      [
        0
      ],
      [
        0
      ],
      [
        1
      ],
      [
        0
      ],
      [
        1
      ],
      [
        1
      ],
      [
        0
      ],
      [
        1
      ],
      [
        0
      ],
      [
        1
      ],
      [
        1
      ],
      [
        0
      ],
      [
        0
      ],
      [
        1
      ],
      [
        1
      ],
      [
        0
      ],
      [
        0
      ],
      [
        0
      ],
      [
        0
      ],
      [
        1
      ],
      [
        1
      ],
      [
        1
      ],
      [
        0
      ],
      [
        1
      ],
      [
        1
      ],
      [
        0
      ],
      [
        1
      ]
    ],
    "point_predictions": [
      1,
      0,
      1,
      1,
      1,
      1,
      0,
      1,
      0,
      1,
      1,
      1,
      0,
      1,
      0,
      0,
      1,
      0,
      0,
      1,
      1,
      1,
      1,
      0,
      1,
      0,
      0,
      0,
      0,
      0,
      0,
      0,
      0,
      0,
      0,
      1,
      0,
      1,
      1,
      0,
      1,
      0,
      1,
      1,
      0,
      0,
      1,
      1,
      0,
      0,
      0,
      0,
      1,
      1,
      1,
      0,
      1,
      1,
      0,
      1
    ]
  },
  "0.85": {
    "coverage": 1.0,
    "efficiency": 1.0,
    "miscalibration": 0.15000000000000002,
    "prediction_sets": [
      [
        1
      ],
      [
        0
      ],
      [
        1
      ],
      [
        1
      ],
      [
        1
      ],
      [
        1
      ],
      [
        0
      ],
      [
        1
      ],
      [
        0
      ],
      [
        1
      ],
      [
        1
      ],
      [
        1
      ],
      [
        0
      ],
      [
        1
      ],
      [
        0
      ],
      [
        0
      ],
      [
        1
      ],
      [
        0
      ],
      [
        0
      ],
      [
        1
      ],
      [
        1
      ],
      [
        1
      ],
      [
        1
      ],
      [
        0
      ],
      [
        1
      ],
      [
        0
      ],
      [
        0
      ],
      [
        0
      ],
      [
        0
      ],
      [
        0
      ],
      [
        0
      ],
      [
        0
      ],
      [
        0
      ],
      [
        0
      ],
      [
        0
      ],
      [
        1
      ],
      [
        0
      ],
      [
        1
      ],
      [
        1
      ],
      [
        0
      ],
      [
        1
      ],
      [
        0
      ],
      [
        1
      ],
      [
        1
      ],
      [
        0
      ],
      [
        0
      ],
      [
        1
      ],
      [
        1
      ],
      [
        0
      ],
      [
        0
      ],
      [
        0
      ],
      [
        0
      ],
      [
        1
      ],
      [
        1
      ],
      [
        1
      ],
      [
        0
      ],
      [
        1
      ],
      [
        1
      ],
      [
        0
      ],
      [
        1
      ]
    ],
    "point_predictions": [
      1,
      0,
      1,
      1,
      1,
      1,
      0,
      1,
      0,
      1,
      1,
      1,
      0,
      1,
      0,
      0,
      1,
      0,
      0,
      1,
      1,
      1,
      1,
      0,
      1,
      0,
      0,
      0,
      0,
      0,
      0,
      0,
      0,
      0,
      0,
      1,
      0,
      1,
      1,
      0,
      1,
      0,
      1,
      1,
      0,
      0,
      1,
      1,
      0,
      0,
      0,
      0,
      1,
      1,
      1,
      0,
      1,
      1,
      0,
      1
    ]
  },
  "0.9": {
    "coverage": 1.0,
    "efficiency": 1.0,
    "miscalibration": 0.09999999999999998,
    "prediction_sets": [
      [
        1
      ],
      [
        0
      ],
      [
        1
      ],
      [
        1
      ],
      [
        1
      ],
      [
        1
      ],
      [
        0
      ],
      [
        1
      ],
      [
        0
      ],
      [
        1
      ],
      [
        1
      ],
      [
        1
      ],
      [
        0
      ],
      [
        1
      ],
      [
        0
      ],
      [
        0
      ],
      [
        1
      ],
      [
        0
      ],
      [
        0
      ],
      [
        1
      ],
      [
        1
      ],
      [
        1
      ],
      [
        1
      ],
      [
        0
      ],
      [
        1
      ],
      [
        0
      ],
      [
        0
      ],
      [
        0
      ],
      [
        0
      ],
      [
        0
      ],
      [
        0
      ],
      [
        0
      ],
      [
        0
      ],
      [
        0
      ],
      [
        0
      ],
      [
        1
      ],
      [
        0
      ],
      [
        1
      ],
      [
        1
      ],
      [
        0
      ],
      [
        1
      ],
      [
        0
      ],
      [
        1
      ],
      [
        1
      ],
      [
        0
      ],
      [
        0
      ],
      [
        1
      ],
      [
        1
      ],
      [
        0
      ],
      [
        0
      ],
      [
        0
      ],
      [
        0
      ],
      [
        1
      ],
      [
        1
      ],
      [
        1
      ],
      [
        0
      ],
      [
        1
      ],
      [
        1
      ],
      [
        0
      ],
      [
        1
      ]
    ],
    "point_predictions": [
      1,
      0,
      1,
      1,
      1,
      1,
      0,
      1,
      0,
      1,
      1,
      1,
      0,
      1,
      0,
      0,
      1,
      0,
      0,
      1,
      1,
      1,
      1,
      0,
      1,
      0,
      0,
      0,
      0,
      0,
      0,
      0,
      0,
      0,
      0,
      1,
      0,
      1,
      1,
      0,
      1,
      0,
      1,
      1,
      0,
      0,
      1,
      1,
      0,
      0,
      0,
      0,
      1,
      1,
      1,
      0,
      1,
      1,
      0,
      1
    ]
  },
  "0.95": {
    "coverage": 1.0,
    "efficiency": 1.0,
    "miscalibration": 0.050000000000000044,