{
  "total_steps": 15,
  "total_reward": 0.18455238643421712,
  "final_state": "S_10",
  "learning_path": [
    "S_1",
    "S_2",
    "S_3",
    "S_4",
    "S_5",
    "S_6",
    "S_7",
    "S_5",
    "S_6",
    "S_7",
    "S_5",
    "S_8",
    "S_9",
    "S_10",
    "S_10"
  ],
  "transitions_taken": [
    "Start",
    "Register",
    "Analyze",
    "Review",
    "Reject",
    "Rework",
    "Analyze",
    "Review",
    "Rework",
    "Analyze",
    "Review",
    "Approve",
    "Complete",
    "End",
    null
  ],
  "rewards": [
    0.006622516556291391,
    0.006622516556291391,
    0.006622516556291391,
    0.006622516556291391,
    0.008849557522123894,
    0.019230769230769232,
    0.019230769230769232,
    0.008849557522123894,
    0.019230769230769232,
    0.019230769230769232,
    0.008849557522123894,
    0.019230769230769232,
    0.019230769230769232,
    0.016129032258064516,
    0
  ]
}