Algorithm,Itemsets_Found,Frontier_Itemsets,Execution_Time,Efficiency
Standard,455,246,0.41208505630493164,1104.1409850672005
Randomic,1033,153,1.430732011795044,722.0080290955144
Distributed,871,111,1.1869041919708252,733.8418769536283
